plant,planner,planner_arg,seed,rep,wall_s,return_sum,return_mean,steps_survived,survived,diverged,frac_diverged,plan_return_mean,optimism_gap,pred_err_1step,vel_err,yaw_rate_err,torque_rms
0.5,0.5,match,0,0,60.23383402824402,8.404177248477936,0.8404177248477935,10.0,0.0,0.0,0.03916272588281168,-0.271964215570026,-1.1123819404178195,0.018341679227281322,0.13104853704571723,0.6633234169334173,31.339436763140135
0.5,1.0,1.0,0,0,0.8476681709289551,9.355203211307526,0.6682288008076804,14.0,0.0,0.0,0.00402072209936495,-0.8434944330499723,-1.5117232338576527,0.06186838032534489,0.2302991465798446,0.47844885662198067,43.7825778912674
0.6,0.6,match,0,0,0.5656394958496094,6.742648482322693,0.8428310602903366,8.0,0.0,0.0,0.031834336662931104,-0.3974111420767648,-1.2402422023671014,3.354166450922743e-05,0.133301904425025,0.417261665686965,25.973427324901756
0.6,1.0,1.0,0,0,0.6026291847229004,7.449908077716827,0.8277675641907586,9.0,0.0,0.0,0.011560514569282532,-0.27135471627116203,-1.0991222804619207,0.03752915561199188,0.16678892655505073,0.3292861216598087,31.143000275058117
0.7,0.7,match,0,0,0.6553423404693604,7.623483955860138,0.8470537728733487,9.0,0.0,0.0,0.02227305472479202,-0.22541909664869308,-1.0724728695220418,0.01312001080157188,0.13302038568589422,0.31647847178909516,28.854635847663346
0.7,1.0,1.0,0,0,0.4896707534790039,4.9162278175354,0.8193713029225668,6.0,0.0,0.0,0.009038553247228265,-0.13811858594417573,-0.9574898888667425,0.02090049982070923,0.1625839558740457,0.05093312698105971,32.08884799346478
1.0,1.0,match,0,0,0.691903829574585,9.330322563648224,0.8482111421498385,11.0,0.0,0.0,0.0074084901716560125,-0.09621240738779306,-0.9444235495376315,3.527950357238296e-05,0.16125007718801498,0.3562535396353765,32.92062611648459
1.0,1.0,1.0,0,0,0.5192232131958008,5.760557472705841,0.8229367818151202,7.0,0.0,0.0,0.016227424144744873,-0.21432644128799438,-1.0372632231031145,0.03772829056227541,0.16145914793014526,0.5172476678022316,33.109329440658335
1.4,1.4,match,0,0,0.6921167373657227,9.3891641497612,0.8535603772510182,11.0,0.0,0.0,0.006037089822348208,-0.16836151778697966,-1.0219218950379978,0.008355625724288985,0.1505617028610273,0.07575452429327098,27.74960619297888
1.4,1.0,1.0,0,0,2.2366652488708496,21.660827696323395,0.4420577080882325,49.0,0.0,0.0,0.010939276714149552,-0.5804746018062966,-1.0225323098945291,0.02917379701587682,0.5312498231627503,0.8198633709428261,28.71217716394773
2.0,2.0,match,0,0,0.8067433834075928,11.024148941040039,0.8480114570030799,13.0,0.0,0.0,0.0012973805278306827,0.1577505636960268,-0.6902608933070531,0.005173486375535201,0.15656407378040826,0.6240223289395754,33.413962526940786
2.0,1.0,1.0,0,0,0.926811695098877,13.228923678398132,0.7781719810822431,17.0,0.0,0.0,0.010151290895009879,-0.33789217099547386,-1.1160641520777168,0.05068188806762919,0.1926461562843007,0.9929744183798047,30.8249854192303
0.5,0.5,match,1,0,0.6462740898132324,8.265483677387238,0.8265483677387238,10.0,0.0,0.0,0.03357734681210584,-0.42583483705917996,-1.2523832047979038,0.008408805726806653,0.14495650976896285,0.5130470614880324,29.6984138296405
0.5,1.0,1.0,1,0,0.5160231590270996,5.881085157394409,0.8401550224849156,7.0,0.0,0.0,0.012258009111974388,0.012382281323273977,-0.8277727411616416,0.04577086834857861,0.12750080972909927,0.20089665161711828,29.67516492154365
0.6,0.6,match,1,0,0.7370104789733887,9.854561865329742,0.8212134887774786,12.0,0.0,0.0,0.030586975266818296,-0.33727695725180884,-1.1584904460292873,3.215823976047845e-05,0.17630881040046611,0.8578360348474234,29.181392839433084
0.6,1.0,1.0,1,0,0.8581688404083252,12.090950667858124,0.8060633778572083,15.0,0.0,0.0,0.010363938128908299,-0.6370806715318135,-1.4431440493890217,0.036318638761128695,0.2085853820045789,1.270340693493684,31.37142509773441
0.7,0.7,match,1,0,0.5118036270141602,5.8553884625434875,0.836484066077641,7.0,0.0,0.0,0.020815026752340298,-0.17938008407751718,-1.0158641501551582,0.0002865733059328098,0.13885357763086045,0.11727904541684049,31.366588144458415
0.7,1.0,1.0,1,0,0.6364650726318359,7.510718524456024,0.8345242804951138,9.0,0.0,0.0,0.010919958353042603,-0.23025119490921497,-1.0647754754043288,0.02070111670764163,0.168385940293471,0.07002891895050804,30.193507524974617
1.0,1.0,match,1,0,0.7619481086730957,11.068096935749054,0.8513920719806964,13.0,0.0,0.0,0.02102244495957469,-0.29817578103393316,-1.1495678530146296,0.008745768960693567,0.16383470680851203,0.11952890154833977,32.51803092303066
1.0,1.0,1.0,1,0,0.6386580467224121,8.421668529510498,0.8421668529510498,10.0,0.0,0.0,0.010324817228441438,-0.16902196572886574,-1.0111888186799156,2.3135856079332167e-05,0.17475230097770691,0.3477335095405579,35.55559984787195
1.4,1.4,match,1,0,0.8142259120941162,11.45198667049408,0.8179990478924343,14.0,0.0,0.0,0.0032210826891689347,-0.036173223302914545,-0.8541722711953488,0.004584560816965677,0.20960707044495003,0.1316887908615172,27.901147342027613
1.4,1.0,1.0,1,0,1.1855239868164062,15.177468657493591,0.6598899416301561,23.0,0.0,0.0,0.01579484072598544,-0.6608661785721779,-1.3207561202023341,0.03167173228311268,0.2915744098794201,0.98936352684446,34.19806145305537
2.0,2.0,match,1,0,1.5147907733917236,26.582253098487854,0.8574920354350921,31.0,0.0,0.0,0.0014738893505030623,0.20118309473618864,-0.6563089406989034,0.00010193363758996081,0.15752251999032113,0.5982658586074268,29.669701633801886
2.0,1.0,1.0,1,0,1.0528759956359863,11.718114852905273,0.5859057426452636,20.0,0.0,0.0,0.020305150433590536,-2.198310185419886,-2.7842159280651497,0.05307002353334898,0.34884197656065224,0.9319028939120472,33.47834765879121
0.5,0.5,match,2,0,0.7260477542877197,9.119707226753235,0.8290642933412031,11.0,0.0,0.0,0.02845289707183838,-0.6521790839731694,-1.4812433773143725,2.4220774139394053e-05,0.1664911410347982,0.45197179744189436,29.443849798748055
0.5,1.0,1.0,2,0,0.63787841796875,8.24199777841568,0.824199777841568,10.0,0.0,0.0,0.006241525549234616,-0.4176756582326359,-1.241875436074204,0.039296970495747194,0.13832841366529464,0.11464637406170368,39.36940843389154
0.6,0.6,match,2,0,0.5669727325439453,6.652644991874695,0.8315806239843369,8.0,0.0,0.0,0.02381649017999215,-0.24078067711421422,-1.072361301098551,2.772021135959741e-05,0.1422549495473504,0.09445039415732026,29.149358623901392
0.6,1.0,1.0,2,0,0.6098229885101318,7.461480796337128,0.8290534218152364,9.0,0.0,0.0,0.007497557999158744,-0.20498333126306534,-1.034036753078302,0.031957753701135516,0.1775880509780513,0.16472363471984863,32.901420932065506
0.7,0.7,match,2,0,0.5727944374084473,6.626719236373901,0.8283399045467377,8.0,0.0,0.0,0.022031647818429128,-0.26213457328932627,-1.090474477836064,3.225521153841068e-05,0.14937734603881836,0.14527532644569874,30.684468820818715
0.7,1.0,1.0,2,0,0.48821282386779785,4.923901379108429,0.8206502298514048,6.0,0.0,0.0,0.007974619860760868,-0.05903675854206085,-0.8796869883934656,0.022111599147319794,0.16344700381159782,0.054749537880222,33.4821297727529
1.0,1.0,match,2,0,0.6068191528320312,7.385545611381531,0.8206161790423923,9.0,0.0,0.0,0.019479009497445077,-0.33317573368549347,-1.1537919127278857,0.0027778285333397434,0.17395053721136516,0.24411701949106324,32.54155423466093
1.0,1.0,1.0,2,0,1.0027861595153809,12.930177092552185,0.7183431718084548,18.0,0.0,0.0,0.025039468097555286,-0.7915167506126797,-1.5098599224211344,0.011680464949784116,0.2810883584121863,0.4180480897323125,28.700996365680627
1.4,1.4,match,2,0,1.3504881858825684,17.538344979286194,0.6495683325661553,27.0,0.0,0.0,0.017704692252804168,-0.46561219940821713,-1.1151805319743724,0.0052560602840073375,0.3415244063017545,0.8829964970548948,38.46546376369643
1.4,1.0,1.0,2,0,1.0963592529296875,14.721414625644684,0.7010197440783182,21.0,0.0,0.0,0.016412880423013122,-0.6205963365733623,-1.3216160806516806,0.050335608120076356,0.3043755557210672,0.7210790766846567,32.2922212511481
2.0,2.0,match,2,0,0.7681899070739746,10.951449155807495,0.8424191658313458,13.0,0.0,0.0,0.0011062304177661038,0.21413436656196913,-0.6282847992693766,0.009542723476518708,0.16454288542557222,0.37594602529246074,30.82010376227208
2.0,1.0,1.0,2,0,0.8931326866149902,11.704786121845245,0.780319074789683,15.0,0.0,0.0,0.021968899452726225,-0.7648666671344212,-1.5451857419241042,0.04399132392635303,0.2187975992759069,0.46646343705554805,31.576441572701093
0.5,0.5,match,3,0,0.4443471431732178,4.1172425746917725,0.8234485149383545,5.0,0.0,0.0,0.02786724572069943,-0.18473391979932785,-1.0081824347376824,3.170934769514133e-05,0.13760200291872024,0.07571610584855079,27.380937324346032
0.5,1.0,1.0,3,0,0.6147036552429199,7.317695498466492,0.813077277607388,9.0,0.0,0.0,0.009925571081112139,-0.4971110252663493,-1.3101883028737373,0.04235582461114973,0.13115104205078548,0.12184662744402885,34.61614708128643
0.6,0.6,match,3,0,0.8084619045257568,11.059658169746399,0.8507429361343384,13.0,0.0,0.0,0.020989908778574318,-0.33022890115777653,-1.180971837292115,5.024434767619823e-05,0.15333649688042128,0.24738862394140318,29.584882366807335
0.6,1.0,1.0,3,0,0.603614091873169,7.462742269039154,0.8291935854487948,9.0,0.0,0.0,0.01014519036107231,-0.25801337510347366,-1.0872069605522685,0.028571741306222975,0.17054928921990925,0.35206955961055225,29.837210944873156
0.7,0.7,match,3,0,0.6441636085510254,8.390450894832611,0.8390450894832611,10.0,0.0,0.0,0.02173417408226265,-0.27547569738494027,-1.1145207868682014,2.59864568255984e-05,0.15409299144521355,0.4686181299388409,27.33288567649411
0.7,1.0,1.0,3,0,0.6053588390350342,7.565221190452576,0.8405801322725084,9.0,0.0,0.0,0.01005368233018089,-0.1980274636298418,-1.0386075959023502,0.02228694554651156,0.1516023777011368,0.3235778982440631,30.05877962837806
1.0,1.0,match,3,0,0.6480727195739746,8.29879879951477,0.829879879951477,10.0,0.0,0.0,0.01747735606558207,-0.4932851725154453,-1.3231650524669223,0.017238503400929202,0.16685348749160767,0.07790076131932437,30.325838067030784
1.0,1.0,1.0,3,0,0.743377685546875,9.879752933979034,0.8233127444982529,12.0,0.0,0.0,0.01681529391895641,-0.4364848909052936,-1.2597976354035465,0.023607694417478342,0.19886694476008415,0.24041766642282406,30.737986898166238
1.4,1.4,match,3,0,0.8937168121337891,12.603151142597198,0.7876969464123249,16.0,0.0,0.0,0.004834877653047442,-0.0562121557071805,-0.8439091021195054,0.006049258231966329,0.24483557837083936,0.9718979550525546,28.72525214805857
1.4,1.0,1.0,3,0,0.8126547336578369,10.399989128112793,0.7999991637009841,13.0,0.0,0.0,0.010374977195169777,-0.42854101086656254,-1.2285401745675466,0.020191369112581015,0.17703304604555553,0.6363685781565996,27.573847648006247
2.0,2.0,match,3,0,0.7492609024047852,10.366719007492065,0.8638932506243387,12.0,0.0,0.0,0.0016061045905437575,0.21614256518130953,-0.6477506854430293,0.003941078063813951,0.116387612807254,0.278157961089164,33.51514840072458
2.0,1.0,1.0,3,0,0.7343406677246094,9.909963309764862,0.8258302758137385,12.0,0.0,0.0,0.017072625595822254,-0.3544234484434128,-1.1802537242571511,0.04042020012539896,0.17474216222763062,0.4016524279916969,31.149191242656922
0.5,0.5,match,4,0,0.6564369201660156,8.325371325016022,0.8325371325016022,10.0,0.0,0.0,0.03492759861465958,-0.5467797418435415,-1.3793168743451436,5.1531237760274154e-05,0.1557131540030241,0.35760822854936125,27.946146756400484
0.5,1.0,1.0,4,0,0.6059684753417969,7.521605372428894,0.8357339302698771,9.0,0.0,0.0,0.005752804878284223,-0.444308340549469,-1.280042270819346,0.040823150891810656,0.13220611876911587,0.15805971001585326,32.823826505963595
0.6,0.6,match,4,0,0.8045973777770996,10.884735941886902,0.8372873801451463,13.0,0.0,0.0,0.020546603210580845,-0.36701831221580505,-1.2043056923609514,2.7475118258735165e-05,0.16382802163179105,0.35559223191096234,28.873640507957557
0.6,1.0,1.0,4,0,0.6470856666564941,8.414751172065735,0.8414751172065735,10.0,0.0,0.0,0.01333441468887031,-0.15583709213468763,-0.9973122093412612,0.032050099327332444,0.15657284930348397,0.24106676876544952,27.274033193822195
0.7,0.7,match,4,0,0.6447088718414307,8.466699600219727,0.8466699600219727,10.0,0.0,0.0,0.026885737302816577,-0.28151435156663257,-1.1281843115886052,2.0181104218863766e-05,0.14849162492901086,0.477944116294384,27.459516016063098
0.7,1.0,1.0,4,0,0.5270082950592041,5.877760350704193,0.839680050100599,7.0,0.0,0.0,0.007247436054361363,0.011163671811421713,-0.8285163782891772,0.029806261183694005,0.13068495211856707,0.18566888451044047,33.22806918194928
1.0,1.0,match,4,0,0.9312295913696289,13.198631346225739,0.7763900791897493,17.0,0.0,0.0,0.01752073764509987,-0.6074261390604079,-1.3838162182501572,0.010808264807735668,0.25063178819768567,0.6109896606820471,33.35416326847394
1.0,1.0,1.0,4,0,0.7270750999450684,10.056674063205719,0.8380561719338099,12.0,0.0,0.0,0.010896665403958072,-0.5581102513454177,-1.3961664232792277,0.0287244721773525,0.19045626310010752,0.19277480733580887,32.70460810414221
1.4,1.4,match,4,0,0.6788358688354492,8.60967093706131,0.860967093706131,10.0,0.0,0.0,0.005861936680351694,-0.0874265366130405,-0.9483936303191716,0.006472168150139623,0.12659514397382737,0.18121149465441705,28.93907542873341
1.4,1.0,1.0,4,0,0.886193037033081,12.66064453125,0.791290283203125,16.0,0.0,0.0,0.011703267103681962,-0.5735362400611241,-1.3648265232642491,0.03938829422307511,0.19748978922143579,0.4785866751335561,28.348786904352085
2.0,2.0,match,4,0,2.46118426322937,38.32273072004318,0.723070390944211,53.0,0.0,0.0,0.001697825927224655,0.04675791822732068,-0.6763124727168903,0.007433167229368547,0.31446878569868375,0.8152694926895904,28.2910787709805
2.0,1.0,1.0,4,0,1.0121092796325684,13.963606834411621,0.7349266754953485,19.0,0.0,0.0,0.017393304242028132,-0.9102926701307297,-1.6452193456260782,0.09202261574359404,0.2394118571751996,1.3122766636508076,29.103444365814337
0.5,0.5,match,5,0,0.649627685546875,8.141127943992615,0.8141127943992614,10.0,0.0,0.0,0.042394653945747346,-0.42170463667975533,-1.2358174310790169,0.000489928954064251,0.13120799772441388,0.1626880956813693,32.87804697515335
0.5,1.0,1.0,5,0,0.6793835163116455,9.002709150314331,0.8184281045740301,11.0,0.0,0.0,0.012962417607195676,-0.2085653230547905,-1.0269934276288206,0.06062276037409901,0.20136437903751025,0.34511340460316703,30.527177984412965
0.6,0.6,match,5,0,0.6252250671386719,7.467238664627075,0.8296931849585639,9.0,0.0,0.0,0.02848339974298142,-0.36058352515101433,-1.1902767101095781,2.224027832653519e-05,0.1678505606121487,0.20131305853525797,28.723922121700127
0.6,1.0,1.0,5,0,0.6379168033599854,8.371990621089935,0.8371990621089935,10.0,0.0,0.0,0.007006125977366335,-0.3531917714410358,-1.1903908335500293,0.030575397113958996,0.14694646671414374,0.38509332984685896,31.340632999262056
0.7,0.7,match,5,0,0.5333492755889893,5.78535270690918,0.8264789581298828,7.0,0.0,0.0,0.01695135433692485,-0.06782981504996617,-0.894308773179849,0.028694241002540366,0.1371608344571931,0.1566777415573597,31.12754940025056
0.7,1.0,1.0,5,0,0.6410491466522217,8.211205661296844,0.8211205661296844,10.0,0.0,0.0,0.008578708434167007,-0.21911102698908913,-1.0402315931187736,0.02603980598764287,0.19492250457406043,0.7074839819222689,30.12637928697823
1.0,1.0,match,5,0,0.6924731731414795,9.020816385746002,0.8200742168860002,11.0,0.0,0.0,0.018862855434417725,-0.4051479697227478,-1.225222186608748,3.877652234223206e-05,0.17984156649221072,0.2970170524309982,31.805915065158906
1.0,1.0,1.0,5,0,0.9553663730621338,14.222884356975555,0.8366402562926797,17.0,0.0,0.0,0.047575025258993264,-0.49773438507691026,-1.3343746413695898,2.575031771812064e-05,0.14909042253652038,0.3445383952382733,31.852186581418877
1.4,1.4,match,5,0,2.0603833198547363,36.28231585025787,0.8245980875058607,44.0,0.0,0.0,0.003432189586821424,0.1448909242225941,-0.6797071632832666,0.0027880899705831877,0.22596010131846098,0.4982615676285191,24.249416583836148
1.4,1.0,1.0,5,0,1.5032787322998047,16.85116684436798,0.5617055614789327,30.0,0.0,0.0,0.02116086400627833,-0.9070311260634455,-1.4687366875423782,0.02526440301203522,0.4155546649048726,0.5576843465367953,31.378228399134674
2.0,2.0,match,5,0,3.3398208618164062,55.535146832466125,0.7404686244328816,75.0,0.0,0.0,0.0009787237321614993,0.15069345073975823,-0.5897751736931234,0.001175155400546459,0.3311454824606578,0.8494545011222363,29.774833255517656
2.0,1.0,1.0,5,0,0.9853219985961914,14.00020843744278,0.77778935763571,18.0,0.0,0.0,0.008227827972458565,-0.6866802205057705,-1.4644695781414805,0.045845189652241325,0.25372021666003597,0.42097464110702276,36.46617106740763
0.5,0.5,match,6,0,0.6927869319915771,8.658109605312347,0.7871008732102134,11.0,0.0,0.0,0.0482771968934685,-0.5913022041320801,-1.3784030773422935,3.450854892435018e-05,0.15857074951583688,0.4561863375658339,31.050317508066485
0.5,1.0,1.0,6,0,0.6498377323150635,7.66976523399353,0.7669765233993531,10.0,0.0,0.0,0.011306325594584147,-0.32842721458938384,-1.095403737988737,0.051650400170021586,0.12686861343681813,0.2698648374527693,36.16607776168246
0.6,0.6,match,6,0,0.6577072143554688,7.468078196048737,0.8297864662276374,9.0,0.0,0.0,0.029941427696030587,-0.4522662088274956,-1.2820526750551329,2.3670938048780954e-05,0.15406124004059368,0.3651019061605136,28.005166379435906
0.6,1.0,1.0,6,0,0.6280345916748047,7.448953628540039,0.8276615142822266,9.0,0.0,0.0,0.0075036585330963135,-0.23903831839561462,-1.0666998326778412,0.031154692987911403,0.17747538247042233,0.22550224512815475,32.54857293572039
0.7,0.7,match,6,0,0.8300576210021973,11.701353192329407,0.8358109423092434,14.0,0.0,0.0,0.03124975790986075,-0.5511929140641139,-1.387003856373357,2.2008449412589052e-05,0.15437234964753901,0.9217807288680758,27.553185354910937
0.7,1.0,1.0,6,0,0.6206960678100586,7.501986742019653,0.8335540824466281,9.0,0.0,0.0,0.012597605586051941,-0.17754848673939705,-1.0111025691860251,0.02061383065301925,0.15478442195389006,0.31811878747410244,30.381770156990175
1.0,1.0,match,6,0,0.9700155258178711,15.00537395477295,0.8336318863762749,18.0,0.0,0.0,0.031039524083847508,-0.5096743759863517,-1.3433062623626266,0.00019234573911115362,0.13807441997859213,0.4249937002443605,28.040996435808232
1.0,1.0,1.0,6,0,0.7614362239837646,11.024903416633606,0.8480694935872004,13.0,0.0,0.0,0.032247430082255356,-0.43745877717932063,-1.285528270766521,0.003942631026651118,0.17427909144988427,0.16122220528240389,32.67755472091373
1.4,1.4,match,6,0,0.7640867233276367,10.876725375652313,0.8366711827424856,13.0,0.0,0.0,0.004851959150983021,-0.1194207314401865,-0.9560919141826721,0.005161102614238189,0.18525542720006064,0.27846349073717225,28.51396847961153
1.4,1.0,1.0,6,0,0.597985029220581,7.657834351062775,0.8508704834514194,9.0,0.0,0.0,0.009114199870964512,-0.28891557082533836,-1.1397860542767577,0.02657578127400484,0.09217141713533136,0.21503188461065292,28.573076548808743
2.0,2.0,match,6,0,1.003922700881958,15.103698909282684,0.839094383849038,18.0,0.0,0.0,0.0009703439838417313,0.21452401633210041,-0.6245703675169376,0.00040555355922954143,0.16345139116876656,0.21166619373899367,28.609488277233037
2.0,1.0,1.0,6,0,1.0859544277191162,13.139541268348694,0.6569770634174347,20.0,0.0,0.0,0.009817366849778122,-1.7983778221042532,-2.455354885521688,0.060892505375178235,0.304067163169384,0.2800233677960932,27.10306554537304
0.5,0.5,match,7,0,0.6765360832214355,9.196823239326477,0.8360748399387706,11.0,0.0,0.0,0.03555880067870021,-0.5371419012546539,-1.3732167411934246,2.6463547874300276e-05,0.15838131884282286,0.7525111874565482,28.691131658094076
0.5,1.0,1.0,7,0,0.5276427268981934,5.800930082798004,0.828704297542572,7.0,0.0,0.0,0.00633642275352031,-0.33718101773411036,-1.1658853152766824,0.10549287622173627,0.13707369140216283,0.29000635711210115,34.29332582361941
0.6,0.6,match,7,0,0.6837868690490723,9.13535887002945,0.8304871700026772,11.0,0.0,0.0,0.04554415703751147,-0.5276110485196114,-1.3580982185222887,3.104651837020356e-05,0.16282827474854208,0.25093827464363794,28.247604059826713
0.6,1.0,1.0,7,0,0.8162684440612793,11.685754895210266,0.8346967782293048,14.0,0.0,0.0,0.009163942707415957,-0.5473328141065744,-1.3820295923358792,0.040060618319190465,0.16722417516367777,0.5182265021971294,28.12700184313028
0.7,0.7,match,7,0,0.5949351787567139,7.566322684288025,0.8407025204764472,9.0,0.0,0.0,0.024170321237761527,-0.43193386495113373,-1.2726363854275808,1.945858332419448e-05,0.14992476834191215,0.32831765214602154,28.897182265344124
0.7,1.0,1.0,7,0,0.48567891120910645,4.922602415084839,0.8204337358474731,6.0,0.0,0.0,0.005680818553082645,-0.06947574913501739,-0.8899094849824906,0.02361560668796301,0.16287415102124214,0.04180902491013209,35.40133215342757
1.0,1.0,match,7,0,0.8273642063140869,11.761036694049835,0.8400740495749882,14.0,0.0,0.0,0.03278146157614314,-0.34692320456871617,-1.1869972541437044,0.015603516134783254,0.17507160920649767,0.1588297002017498,31.816979644514156
1.0,1.0,1.0,7,0,0.7597136497497559,10.97672986984253,0.844363836141733,13.0,0.0,0.0,0.020253777503967285,-0.26702867075800896,-1.1113925068997421,0.016649749087491728,0.16555878462699744,0.15819850406394556,31.82401344355625
1.4,1.4,match,7,0,1.528379201889038,19.46798700094223,0.6279995806755558,31.0,0.0,0.0,0.011543839772154266,-0.7392446807896097,-1.3672442614651654,0.0038537504090072616,0.37881383251759315,0.7655342344434992,27.990514212004832
1.4,1.0,1.0,7,0,0.6800737380981445,8.981538534164429,0.8165035031058572,11.0,0.0,0.0,0.013333330163732171,-0.5131093412637711,-1.3296128443696282,0.04940347950905562,0.13169472190466794,0.4145942013710737,35.45195517158795
2.0,2.0,match,7,0,1.9164128303527832,27.87896555662155,0.6799747696736964,41.0,0.0,0.0,0.0017801362278987653,-0.06618255525827407,-0.7461573249319705,0.0010285612121720077,0.3501182199433083,0.9189207671528182,31.011829109205664
2.0,1.0,1.0,7,0,0.7612800598144531,10.619453430175781,0.8168810330904447,13.0,0.0,0.0,0.014543676380223284,-0.6004259859522184,-1.417307019042663,0.053436947210381426,0.15804936077732307,0.12983936486909023,28.561166092308518
0.5,0.5,match,8,0,0.5623891353607178,6.702237784862518,0.8377797231078148,8.0,0.0,0.0,0.031646091624030044,-0.40619271993637085,-1.2439724430441856,2.713784390704989e-05,0.13104352913796902,0.17727584345266223,28.205726600759327
0.5,1.0,1.0,8,0,0.6485095024108887,8.314604759216309,0.8314604759216309,10.0,0.0,0.0,0.011143644650777182,-0.23573981639411715,-1.067200292315748,0.07801599759194586,0.17813813909888268,0.39568299762904646,29.937407083705626
0.6,0.6,match,8,0,0.6460132598876953,7.501282334327698,0.8334758149252998,9.0,0.0,0.0,0.02473767101764679,-0.39909717813134193,-1.2325729930566416,5.3339721489464864e-05,0.16093707746929592,0.14427322149276733,28.657795916021225
0.6,1.0,1.0,8,0,0.5020506381988525,4.914026319980621,0.8190043866634369,6.0,0.0,0.0,0.006608099956065416,-0.07331350594758987,-0.8923178926110268,0.02961832657456398,0.16530244424939156,0.06145200816293558,33.34229957789001
0.7,0.7,match,8,0,0.7637972831726074,10.173352420330048,0.7825655707946191,13.0,0.0,0.0,0.014104437820302943,-0.3712124576171239,-1.153778028411743,2.75125975501093e-05,0.15429642509955627,0.18290268142636007,34.704584604360605
0.7,1.0,1.0,8,0,0.6116695404052734,7.615397691726685,0.8461552990807427,9.0,0.0,0.0,0.012024155264953151,-0.1466379975900054,-0.9927932966707481,0.03696842439239845,0.1444768694539865,0.14412066630191273,30.536224560398807
1.0,1.0,match,8,0,0.6808321475982666,8.401684522628784,0.8401684522628784,10.0,0.0,0.0,0.011826904619940452,-0.2246071779065662,-1.0647756301694447,2.3485961517306147e-05,0.17602073177695274,0.17745208702981471,34.93452332292234
1.0,1.0,1.0,8,0,1.2874460220336914,19.538188338279724,0.8140911807616552,24.0,0.0,0.0,0.08425955202066056,-0.8131402500945589,-1.6272314308562141,0.011008299423990495,0.14673411442587772,0.3522472348995507,25.452727337925932
1.4,1.4,match,8,0,1.6264355182647705,22.86934542655945,0.6726278066635132,34.0,0.0,0.0,0.02990224000214684,-0.7615981644414591,-1.4342259711049723,0.005479966371777581,0.2673034722204594,1.122191703056588,29.962161859222277
1.4,1.0,1.0,8,0,1.4396576881408691,19.321491360664368,0.66625832278153,29.0,0.0,0.0,0.011930904218128749,-1.2080983476979392,-1.8743566704794692,0.025712278916866387,0.3660560491141574,0.7862872740831869,27.667659430025644
2.0,2.0,match,8,0,1.7264068126678467,29.34890043735504,0.8385400124958583,35.0,0.0,0.0,0.00114259439321947,0.14342881936360807,-0.6951111931322502,0.0014661167993193992,0.19544056568826948,0.553421931660601,26.725362883880766
2.0,1.0,1.0,8,0,0.6199691295623779,7.701419711112976,0.8557133012347751,9.0,0.0,0.0,0.014610782265663147,-0.357743714004755,-1.21345701523953,0.052317392313852906,0.09936617066462834,0.14246140979230404,30.590460006704156
0.5,0.5,match,9,0,0.7642524242401123,9.987016260623932,0.8322513550519943,12.0,0.0,0.0,0.030480493198741566,-0.39180710911750793,-1.2240584641695023,3.492103959698315e-05,0.18419777570913234,0.45655063074082136,28.895776053227255
0.5,1.0,1.0,9,0,0.6253142356872559,7.548788070678711,0.8387542300754123,9.0,0.0,0.0,0.005301365257764701,-0.16804107557982206,-1.0067953056552343,0.047499052714556456,0.12702634226944712,0.20293772303395802,31.760985629068294
0.6,0.6,match,9,0,0.6109724044799805,7.551805853843689,0.8390895393159654,9.0,0.0,0.0,0.03685943485470489,-0.404401957988739,-1.2434914973047044,2.222402750362562e-05,0.14639192240105736,0.20130435129006705,24.969420893905774
0.6,1.0,1.0,9,0,0.4926269054412842,4.89924168586731,0.8165402809778849,6.0,0.0,0.0,0.007662272453308106,-0.10365537405014039,-0.9201956550280253,0.029955005459487438,0.1703211528559526,0.06210741827574869,32.94007576818501
0.7,0.7,match,9,0,0.6453208923339844,8.44356769323349,0.844356769323349,10.0,0.0,0.0,0.028805372460434835,-0.2941017515129513,-1.1384585208363003,0.028964569264088722,0.12499602325260639,0.45944618098437784,29.62713769853591
0.7,1.0,1.0,9,0,0.5187604427337646,5.835686564445496,0.8336695092064994,7.0,0.0,0.0,0.009045060471786806,-0.12846037621299425,-0.9621298854194936,0.018535583357637126,0.14387924117701395,0.14862913957663945,32.77878971626278
1.0,1.0,match,9,0,0.5698633193969727,6.631854057312012,0.8289817571640015,8.0,0.0,0.0,0.021550577034109404,-0.30083490375961575,-1.129816660923617,0.02680026323144245,0.15773814264684916,0.7152140284888446,33.14716976276029
1.0,1.0,1.0,9,0,0.6472094058990479,7.5043832659721375,0.8338203628857931,9.0,0.0,0.0,0.007485356938559562,-0.1731272446922958,-1.006947607578089,0.002898907598250844,0.1849199202325609,0.23623113127218354,36.47926166434185
1.4,1.4,match,9,0,1.2199444770812988,16.84620314836502,0.7019251311818758,24.0,0.0,0.0,0.006170558930455666,-0.23907817347461116,-0.941003304656487,0.0057264331746370335,0.3299603695049882,0.7931999735107335,27.10526127013608
1.4,1.0,1.0,9,0,1.0091989040374756,13.546675324440002,0.7129829118126317,19.0,0.0,0.0,0.015948155196383595,-0.38680635765194893,-1.0997892694645808,0.03038858038942433,0.2714059797948913,0.4240907571817699,36.192928387321665
2.0,2.0,match,9,0,1.951617956161499,34.01910102367401,0.8297341713091222,41.0,0.0,0.0,0.0012579303976963275,0.2366355202626437,-0.5930986510464785,0.004121681914881492,0.21071992950831972,0.4829332689050494,26.970625642433706
2.0,1.0,1.0,9,0,0.6778531074523926,9.143606424331665,0.831236947666515,11.0,0.0,0.0,0.019760854239575566,-0.5862838178873062,-1.4175207655538213,0.04778652340173721,0.15721821243112738,0.5443148252300241,28.779995387216317
0.5,0.5,match,10,0,0.6180586814880371,7.395405054092407,0.8217116726769341,9.0,0.0,0.0,0.03312590718269348,-0.46981557458639145,-1.2915272472633257,3.001300095206716e-05,0.17858082635535133,0.26637746797253686,31.152600546442454
0.5,1.0,1.0,10,0,0.7031946182250977,8.096534132957458,0.8096534132957458,10.0,0.0,0.0,0.006236102845933702,-0.4307347933451335,-1.2403882066408793,0.04016056480920977,0.13319261744618416,0.2051844798028469,36.12780776150615
0.6,0.6,match,10,0,0.684729814529419,9.213265836238861,0.8375696214762601,11.0,0.0,0.0,0.04113713027909398,-0.49297202527523043,-1.3305416467514906,6.190787889863714e-05,0.15679317712783813,0.321060792288997,29.12337217570736
0.6,1.0,1.0,10,0,0.5951685905456543,7.498749196529388,0.833194355169932,9.0,0.0,0.0,0.006789895880501717,-0.14214437454938889,-0.9753387297193209,0.04365424392744899,0.15887983391682306,0.4941586520936754,32.00154012046799
0.7,0.7,match,10,0,0.5984928607940674,7.488590776920319,0.8320656418800354,9.0,0.0,0.0,0.018685939896386117,-0.35194470174610615,-1.1840103436261415,2.5092079226851638e-05,0.15316439419984818,0.6809243982036909,28.700560057666085
0.7,1.0,1.0,10,0,0.48753857612609863,4.9063756465911865,0.8177292744318644,6.0,0.0,0.0,0.008296728134155273,-0.09162068665027619,-0.9093499610821406,0.023545317258685826,0.16879715646306673,0.16729250208785137,34.526987328811444
1.0,1.0,match,10,0,0.6150617599487305,7.4260841608047485,0.8251204623116387,9.0,0.0,0.0,0.018002679949859157,-0.35684847086668015,-1.181968933178319,2.4015187022996543e-05,0.17131945821974012,0.3043560017314222,33.108374713699334
1.0,1.0,1.0,10,0,0.6804344654083252,9.367087960243225,0.8515534509312023,11.0,0.0,0.0,0.013753046991769224,-0.11467979885637761,-0.9662332497875799,0.0012645104969578823,0.16200316697359085,0.20973622358658098,34.37176805167484
1.4,1.4,match,10,0,0.9631979465484619,13.868837058544159,0.7704909476968977,18.0,0.0,0.0,0.008868025328197023,-0.6303944210795795,-1.4008853687764773,0.005797717548268659,0.24996556155383587,0.4204308464088374,25.96965089559658
1.4,1.0,1.0,10,0,0.6366684436798096,8.348321497440338,0.8348321497440339,10.0,0.0,0.0,0.026804396843848128,-0.44038595755894977,-1.2752181073029836,0.022831770694918103,0.1452461339533329,0.3437465690076351,25.986758337405586
2.0,2.0,match,10,0,2.0299978256225586,35.76448005437851,0.8128290921449661,44.0,0.0,0.0,0.0016536707103219923,0.12433773708031622,-0.6884913550646499,0.00745906901310327,0.16397754110353577,0.7094771410338581,26.424560823807695
2.0,1.0,1.0,10,0,0.6136124134063721,7.727620840072632,0.858624537785848,9.0,0.0,0.0,0.012353584170341492,-0.5312912054359913,-1.3899157432218394,0.047457381850108504,0.09440931595034069,0.3465220607403252,29.42094904605772
0.5,0.5,match,11,0,0.6898393630981445,9.140506327152252,0.8309551206502047,11.0,0.0,0.0,0.05071253059431911,-0.5702330350875855,-1.40118815573779,7.168485790316481e-05,0.15498046983372082,0.5876719171858646,28.62292926078275
0.5,1.0,1.0,11,0,0.7580561637878418,9.215678811073303,0.8377889828248457,11.0,0.0,0.0,0.02534406422637403,-0.3016330137848854,-1.1394219966097312,0.08631578097119927,0.1728735708377578,0.6483481422474142,30.27419873951272
0.6,0.6,match,11,0,0.5540440082550049,6.607770204544067,0.8259712755680084,8.0,0.0,0.0,0.02815309931923236,-0.28195855021476746,-1.1079298257827759,2.7957990888743162e-05,0.14858326129615307,0.07702873926609755,30.417129655911268
0.6,1.0,1.0,11,0,0.48962974548339844,4.8700860142707825,0.8116810023784637,6.0,0.0,0.0,0.007467055320739746,-0.10329920798540115,-0.9149802103638649,0.03224491998553276,0.17560364430149397,0.12218085567777355,34.24533517075036
0.7,0.7,match,11,0,0.7200400829315186,10.14799690246582,0.8456664085388184,12.0,0.0,0.0,0.03207772428339178,-0.4774350171739405,-1.323101425712759,2.652793806522492e-05,0.15251846301058927,0.454516243810455,28.010880558763724
0.7,1.0,1.0,11,0,0.6046750545501709,7.491596221923828,0.8323995802137587,9.0,0.0,0.0,0.005020740631152876,0.016753749805502594,-0.8156458304082561,0.028811280499212444,0.14906252837843365,0.5150955240759585,35.89152715044884
1.0,1.0,match,11,0,1.00612211227417,13.772600650787354,0.7248737184624923,19.0,0.0,0.0,0.01905807256439908,-0.5643643273247613,-1.2892380457872537,0.00023012325857507676,0.2888423431860773,0.2508764487544173,33.9630752039768
1.0,1.0,1.0,11,0,0.6490046977996826,8.38944697380066,0.8389446973800659,10.0,0.0,0.0,0.009543948703342013,-0.2281620196170277,-1.0671067169970936,0.00029713751225952164,0.17494036331772805,0.1605995934456587,36.08072584449793
1.4,1.4,match,11,0,1.3425204753875732,16.850719690322876,0.6481046034739568,26.0,0.0,0.0,0.00209272766020149,-0.44032739475369453,-1.0884319982276514,0.002546986160432425,0.29574529034121394,1.3722120732642138,36.24844908293017
1.4,1.0,1.0,11,0,1.04484224319458,13.718906104564667,0.7220476897139299,19.0,0.0,0.0,0.01694050894972558,-0.651899054646492,-1.3739467443604219,0.016401259661910847,0.27512771940152897,0.6232457306039961,28.88899878628137
2.0,2.0,match,11,0,1.4429082870483398,21.40204107761383,0.7380014164694424,29.0,0.0,0.0,0.00544516359046351,-0.3734898806682655,-1.1114912971377078,0.0047297246827367545,0.2941776120970989,0.683773454334908,36.84177579335346
2.0,1.0,1.0,11,0,0.8123691082000732,11.4176025390625,0.8155430385044643,14.0,0.0,0.0,0.012486388136704381,-0.4504187038311592,-1.2659617423356235,0.026808785722376063,0.1799441155578409,0.3134839102359755,30.47411359255398
0.5,0.5,match,12,0,0.8553264141082764,12.184995234012604,0.8123330156008403,15.0,0.0,0.0,0.04257127898745239,-0.9321164382355553,-1.7444494538363955,0.0004423697643492882,0.1979567435880502,0.7266807459294796,25.732247108633274
0.5,1.0,1.0,12,0,0.6593382358551025,8.287563383579254,0.8287563383579254,10.0,0.0,0.0,0.00858413113746792,-0.16274759297569594,-0.9915039313336214,0.07372437107066314,0.17706508040428162,0.3871939292177558,31.18748356086741
0.6,0.6,match,12,0,0.5289914608001709,5.777809143066406,0.8254013061523438,7.0,0.0,0.0,0.029274435869107645,-0.22791836162408194,-1.0533196677764256,2.701639990239831e-05,0.13253845780023507,0.22453331628016063,29.386856979045305
0.6,1.0,1.0,12,0,0.7157824039459229,8.326513648033142,0.8326513648033143,10.0,0.0,0.0,0.007228456605743203,-0.2521942887041304,-1.0848456535074447,0.03506686548805899,0.17391023486852647,0.4296779900789261,32.16030480387468
0.7,0.7,match,12,0,0.8189244270324707,11.690952777862549,0.8350680555616107,14.0,0.0,0.0,0.030284934784643926,-0.5165718060273391,-1.3516398615889498,2.5048687453258586e-05,0.165517320856452,0.7090020882231849,30.42314004811366
0.7,1.0,1.0,12,0,0.49463438987731934,4.885947108268738,0.8143245180447897,6.0,0.0,0.0,0.005075645446777344,-0.041530919075012204,-0.8558554371198018,0.022767827101051807,0.17258480315407118,0.12768730521202087,34.57211536024041
1.0,1.0,match,12,0,0.6458661556243896,8.391583144664764,0.8391583144664765,10.0,0.0,0.0,0.007955098162508674,-0.2410671462615331,-1.0802254607280095,0.0005962115643190676,0.17179273702204229,0.281462412327528,34.6923329438637
1.0,1.0,1.0,12,0,0.6902730464935303,8.87072628736496,0.8064296624877236,11.0,0.0,0.0,0.005534405703656375,-0.3197537541389465,-1.1261834166266702,2.1730654316343136e-05,0.16064508733424274,0.38592538102106616,36.16675858578496
1.4,1.4,match,12,0,1.5016288757324219,19.7514608502388,0.6371438983948,31.0,0.0,0.0,0.008402470747629802,-0.36804929102460543,-1.0051931894194055,0.0030061090397339287,0.4026005221230368,0.5347487571979722,31.328253930180757
1.4,1.0,1.0,12,0,0.7549049854278564,10.151592552661896,0.845966046055158,12.0,0.0,0.0,0.007134298846887594,-0.713460931723768,-1.559426977778926,0.020662246356633576,0.08898492778340976,0.38127704337239265,28.87409007302509
2.0,2.0,match,12,0,0.8382298946380615,12.391765475273132,0.8261176983515421,15.0,0.0,0.0,0.0015164187976292201,0.1633284698639597,-0.6627892284875825,2.083969941070661e-05,0.1864600010216236,0.484789864346385,35.60987186216364
2.0,1.0,1.0,12,0,1.07989501953125,13.32324093580246,0.7012232071474979,19.0,0.0,0.0,0.024990504316519946,-0.8101391130023532,-1.5113623201498512,0.05415640109115177,0.2616306938917229,0.7818369197806245,35.13304901927425
0.5,0.5,match,13,0,0.47881388664245605,4.818344950675964,0.8030574917793274,6.0,0.0,0.0,0.027086377143859863,-0.5118958793580533,-1.3149533711373806,0.00015788579803484027,0.16567974910140038,0.07692472202082475,31.109612885987758
0.5,1.0,1.0,13,0,0.644230842590332,8.090806901454926,0.8090806901454926,10.0,0.0,0.0,0.004961768786112468,-0.4390813484787941,-1.2481620386242867,0.045129438758724265,0.14478300213813783,0.29738400494679806,40.383850979344146
0.6,0.6,match,13,0,0.6030597686767578,7.476235926151276,0.830692880683475,9.0,0.0,0.0,0.01973523199558258,-0.1936315782368183,-1.0243244589202933,0.049883088228739325,0.1689918235772186,0.0886020509319173,31.43225401734144
0.6,1.0,1.0,13,0,0.5308091640472412,5.771023273468018,0.8244318962097168,7.0,0.0,0.0,0.009598175684611002,-0.20024321476618448,-1.0246751109759014,0.03169752455626925,0.15618775572095597,0.1881393258060728,36.007819038061584
0.7,0.7,match,13,0,0.6821994781494141,9.070188403129578,0.8245625821026888,11.0,0.0,0.0,0.01333821057341993,-0.25098194777965543,-1.0755445298823443,0.00014099908839853014,0.14142946153879166,0.10348595915870233,33.30819513495263
0.7,1.0,1.0,13,0,0.48986268043518066,4.912545800209045,0.8187576333681742,6.0,0.0,0.0,0.006900925631634891,-0.12594425678253174,-0.9447018901507059,0.022713472414761782,0.16684788838028908,0.08127897356947263,33.41280141595305
1.0,1.0,match,13,0,0.7716562747955322,10.95785665512085,0.8429120503939115,13.0,0.0,0.0,0.024406208598520607,-0.2619430869817734,-1.1048551373756847,0.023778994765014733,0.16999236723551384,0.23019061165933424,30.00700989034637
1.0,1.0,1.0,13,0,0.8101868629455566,11.308733642101288,0.8077666887215206,14.0,0.0,0.0,0.017310504156809587,-0.5817404526930589,-1.3895071414145794,0.007810452554202549,0.2147711611219815,0.30305559001863003,28.84855812287148
1.4,1.4,match,13,0,2.3793399333953857,37.48557162284851,0.7497114324569703,50.0,0.0,0.0,0.0045925826451988245,-0.23728260268666307,-0.9869940351436333,0.004911246820567464,0.3133682302758098,0.4531110637262464,27.416030321089423
1.4,1.0,1.0,13,0,0.9800899028778076,12.41985833644867,0.6899921298027039,18.0,0.0,0.0,0.040619521278559285,-0.9458490855553571,-1.6358412153580608,0.03097107431248707,0.27782921865582466,0.7026541678027974,33.75432973961294
2.0,2.0,match,13,0,1.721181869506836,20.6415998339653,0.5897599952561515,35.0,0.0,0.0,0.006657478388446821,-0.7829495084143299,-1.3727095036704813,0.0013075539229569532,0.37307110987603664,0.7555886933313949,38.75377480961409
2.0,1.0,1.0,13,0,0.640479564666748,8.46906954050064,0.8469069540500641,10.0,0.0,0.0,0.015470957758629488,-0.39441920651329887,-1.241326160563363,0.06566466437652707,0.11444600149989129,0.2532249642536044,31.11572500015316
0.5,0.5,match,14,0,0.5687193870544434,6.677570283412933,0.8346962854266167,8.0,0.0,0.0,0.04651048180780241,-0.418801303420748,-1.2534975888473647,4.0138299872134144e-05,0.12754797656089067,0.29937043268000707,30.752502649702684
0.5,1.0,1.0,14,0,0.67610764503479,8.320164561271667,0.8320164561271668,10.0,0.0,0.0,0.016566342777676053,-0.2264715466234419,-1.0584880027506087,0.04880165712287029,0.16681565046310426,0.09419879755005241,26.4348388775482
0.6,0.6,match,14,0,0.6110880374908447,7.5272908210754395,0.83636564678616,9.0,0.0,0.0,0.028208875650307164,-0.3602360635995865,-1.1966017103857465,2.0094194496778073e-05,0.16019538624419105,0.3679990967114766,29.339705237546386
0.6,1.0,1.0,14,0,0.571648359298706,6.649598300457001,0.8311997875571251,8.0,0.0,0.0,0.007313670424212303,-0.21437237518174307,-1.045572162738868,0.028379678460104123,0.16332396026700735,0.07954067084938288,33.87971860671932
0.7,0.7,match,14,0,0.5688953399658203,6.624944388866425,0.8281180486083031,8.0,0.0,0.0,0.014501844133649553,-0.1265362628868648,-0.9546543114951679,2.9847173469274173e-05,0.1447326121851802,0.1902582673355937,30.998660489336935
0.7,1.0,1.0,14,0,1.5172333717346191,22.699473202228546,0.7322410710396305,31.0,0.0,0.0,0.010466891922987998,-0.24486612292627494,-0.9771071939659055,0.035089355800300835,0.26842990277274964,1.493399765702986,29.913106687727154
1.0,1.0,match,14,0,0.6364922523498535,8.430785775184631,0.8430785775184632,10.0,0.0,0.0,0.011403934150520299,-0.16987136585844886,-1.012949943376912,3.0073915291318877e-05,0.1807078167796135,0.12537470031529666,35.100233236988835
1.0,1.0,1.0,14,0,0.814598560333252,10.940116882324219,0.8415474524864783,13.0,0.0,0.0,0.02803399363377442,-0.32429324959715206,-1.1658407020836303,0.014558074763044715,0.16628354014112398,0.2423674163336937,31.682531639556462
1.4,1.4,match,14,0,0.7437050342559814,10.188433051109314,0.8490360875924429,12.0,0.0,0.0,0.006695060297550464,-0.22899481857364828,-1.078030906166091,0.012326023296984866,0.16066457005217671,0.16465257915357748,28.204386342480348
1.4,1.0,1.0,14,0,0.9874439239501953,13.866381466388702,0.7703545259104835,18.0,0.0,0.0,0.013119739644667682,-0.32910334121655016,-1.0994578671270336,0.017270379603895193,0.22711346050103506,0.44162095172537696,29.5373484652781
2.0,2.0,match,14,0,1.8130240440368652,30.044187605381012,0.812005070415703,37.0,0.0,0.0,0.002041645844454049,0.054696530000203185,-0.7573085404154999,0.0017104217328601913,0.21297531796468272,0.6358825920300709,30.037420060458494
2.0,1.0,1.0,14,0,0.6109066009521484,7.618343770503998,0.8464826411671109,9.0,0.0,0.0,0.008369934555958025,-0.5077239088714123,-1.3542065500385232,0.04878616624046117,0.11621865505973498,0.11180337828894456,28.047856048833562
0.5,0.5,match,15,0,0.8991982936859131,12.0215425491333,0.7513464093208313,16.0,0.0,0.0,0.08694646516814827,-0.7209814806779226,-1.4723278899987537,0.0002478242711731582,0.1895665198098868,1.5680207984987646,33.10026081362768
0.5,1.0,1.0,15,0,0.8438515663146973,11.743755102157593,0.8388396501541138,14.0,0.0,0.0,0.015696208297203366,-0.4668949945614888,-1.3057346447156026,0.038794066183842145,0.17195210605859756,0.6402427562113319,27.845539093642937
0.6,0.6,match,15,0,0.7328801155090332,9.949612259864807,0.8291343549887339,12.0,0.0,0.0,0.0411065166646784,-0.41468020460822363,-1.2438145595969576,7.73846788268367e-05,0.15086950175464153,0.5157626060148081,28.069658030605922
0.6,1.0,1.0,15,0,0.6192255020141602,7.5165281891822815,0.8351697987980313,9.0,0.0,0.0,0.010389211776782759,-0.14381894189864397,-0.9789887406966753,0.03560449322685599,0.15540206183989844,0.506649320324262,32.81700662979612
0.7,0.7,match,15,0,0.7390472888946533,10.094792306423187,0.8412326922019323,12.0,0.0,0.0,0.022330177905545992,-0.3169819875196977,-1.15821467972163,3.6107517272202216e-05,0.15949783846735954,0.3894888913879792,26.43504116446932
0.7,1.0,1.0,15,0,0.6077687740325928,7.513077020645142,0.8347863356272379,9.0,0.0,0.0,0.012725716835120693,-0.21585020050406456,-1.0506365361313024,0.01777433481765911,0.16520256052414575,0.0887921622229947,28.887165833301168
1.0,1.0,match,15,0,0.7649099826812744,10.896426558494568,0.838186658345736,13.0,0.0,0.0,0.028343087430888165,-0.32903235654036206,-1.1672190148860981,0.016744378904832047,0.16929272576593435,0.17214418747104132,31.6228773286751
1.0,1.0,1.0,15,0,0.7730553150177002,10.942771017551422,0.8417516167347248,13.0,0.0,0.0,0.021583694227350254,-0.2573473310718934,-1.0990989478066182,0.010280469457294808,0.1648805129986543,0.0767389084212482,30.280757838579536
1.4,1.4,match,15,0,0.6833789348602295,9.226769506931305,0.8387972279028459,11.0,0.0,0.0,0.005431916716042906,-0.1938739910721779,-1.0326712189750238,0.009216457968250324,0.1404577795077454,0.20941103385253387,34.71591049305579
1.4,1.0,1.0,15,0,0.854102373123169,7.394384145736694,0.5281702961240496,14.0,0.0,0.0,0.007718585091284835,-0.575261673102012,-1.1034319692260617,0.031434022570745304,0.2664743382483721,0.7834853173366615,41.45760815806141
2.0,2.0,match,15,0,1.2128868103027344,18.767275094985962,0.815968482390694,23.0,0.0,0.0,0.0011491190300809897,0.21288928321816705,-0.603079199172527,0.0009594404804767527,0.21762214309495428,0.3315734743019161,26.897140778625847
2.0,1.0,1.0,15,0,0.6889603137969971,9.422310531139374,0.8565736846490339,11.0,0.0,0.0,0.01200097321998328,-0.39096175134181976,-1.2475354359908537,0.06746840844862163,0.1187998852269216,0.209181269292127,26.87391613313032
