plant,seed,d_ret,d_steps,d_rmean,d_vel_err,prefix_T,d_prefix_rew,nom_qvel_lag1,true_qvel_lag1,nom_qvel_lag1_min,true_qvel_lag1_min,nom_hf_ratio,true_hf_ratio,nom_sat_frac,true_sat_frac,nom_act_abs,true_act_abs,nom_act_edge_frac,true_act_edge_frac
0.5,0,-82.54660964012145,-121.0,0.13948046890172094,-0.06972384238876148,22,0.0680772066116333,-0.007319539107526948,0.37359889757839004,-0.9702644300070012,0.15996720056587158,2.9743640999830516,1.143289089484219,0.008264462809917356,0.0050858232676414495,0.3509315252304077,0.27450209856033325,0.012396694214876033,0.019707565162110616
0.5,1,-314.8337045907974,-368.0,-0.00044629037380217174,0.052888476532607503,32,0.10849249362945557,0.027324312206294832,0.3945352504834981,-0.8045908109331674,-0.08731957704667484,2.502597500935598,1.2265591092972847,0.002840909090909091,0.004772727272727273,0.4107040464878082,0.2771162688732147,0.03409090909090909,0.0018181818181818182
0.5,2,-286.4843525290489,-348.0,0.049234076933218796,-0.021613303741189388,52,0.09814423322677612,0.0945842056388201,0.336497975281487,-0.8458983312879195,-0.09055191796202947,2.5304641377497354,1.4645366903165173,0.005244755244755245,0.0036363636363636364,0.4755026400089264,0.2857136130332947,0.043706293706293704,0.0006818181818181819
0.5,3,-107.64463895559311,-140.0,0.06384773298825563,-0.0490896124910149,18,0.06661063432693481,-0.06850159911597159,0.1423227795368536,-0.9635213542377745,-0.34900729090385907,2.6578579816096317,1.745327841499536,0.010101010101010102,0.010356731875719217,0.34146833419799805,0.27292975783348083,0.025252525252525252,0.0005753739930955121
0.5,4,-335.3464111685753,-382.0,-0.012881604896651355,0.04134590808431521,18,0.08724474906921387,-0.6194659052492626,0.5583696340597429,-0.9777804584301794,0.0447569774173614,3.3789785740168394,0.7771557462495965,0.020202020202020204,0.0013636363636363637,0.3494965434074402,0.2725149393081665,0.0,0.0006818181818181819
0.5,5,-71.51940554380417,-91.0,0.05370105953391535,-0.017281244515567618,18,0.06594771146774292,-0.28593632370495486,0.3728116671081731,-0.9745271804367495,-0.06406548994269419,2.4751178702371623,1.0262225818256752,0.0,0.0025020850708924102,0.34569865465164185,0.2493424266576767,0.030303030303030304,0.0016680567139282735
0.5,6,-333.62467020750046,-390.0,-0.09312196120619765,0.12165701360790987,10,-0.04771256446838379,-0.2038488000893439,0.3538767561396832,-0.6489706850621962,-0.15970003950857078,2.918513847550622,1.3096160058965796,0.0,0.008181818181818182,0.3457919955253601,0.27057546377182007,0.05454545454545454,0.0018181818181818182
0.5,7,-324.84044152498245,-383.0,-0.03423234970254063,0.0555844175667666,17,0.022099673748016357,0.008613134292501485,0.38553663051329556,-0.9833433522600145,-0.12030461141647648,2.3232240634922845,1.2531270007595219,0.0106951871657754,0.003409090909090909,0.40512481331825256,0.2988450229167938,0.0748663101604278,0.003863636363636364
0.5,8,-120.96754211187363,-154.0,-0.037229196595538694,0.05194859850112421,17,-0.03759574890136719,-0.28917196784960225,0.4417642839028755,-0.9544394876784679,-0.22031499735832932,2.735493936261003,0.9174015231419156,0.0053475935828877,0.009037745879851143,0.38322824239730835,0.30341747403144836,0.06417112299465241,0.006379585326953748
0.5,9,-337.8600072860718,-383.0,-0.18511398865896111,0.23716169265989107,17,-0.10247445106506348,-0.3858434779491994,0.4587285533174953,-0.9668781152387456,0.010219288571046361,2.8680105181568254,1.1023863430805403,0.0053475935828877,0.001590909090909091,0.4061323404312134,0.27634742856025696,0.058823529411764705,0.0009090909090909091
0.5,10,-44.22960942983627,-110.0,0.34924198414452273,-0.10148850588051184,17,0.042454659938812256,-0.03731651116891615,0.38555028119170026,-0.7682184861511343,-0.03803490467282169,2.6243924647627916,1.0298029013247783,0.0053475935828877,0.009305654974946313,0.3674149215221405,0.27809521555900574,0.03208556149732621,0.024337866857551897
0.5,11,-315.78069627285004,-381.0,0.016708624057079624,0.008234860343662498,19,0.08003300428390503,-0.0658718722851454,0.34821237758418605,-0.9307368728007225,-0.08840514558361937,2.5574013937218036,1.4113808409762816,0.004784688995215311,0.009772727272727273,0.39447328448295593,0.2794423997402191,0.06220095693779904,0.007045454545454546
0.5,12,-88.42631161212923,-124.0,0.09286759252901433,-0.11022600982250391,11,0.015276670455932617,0.22467565869938336,0.2627746387154801,-0.31644530249741154,-0.40216834161406495,1.9520947260852084,1.7052194248648507,0.0,0.013468013468013467,0.32070109248161316,0.29076334834098816,0.04132231404958678,0.008754208754208754
0.5,13,-323.3568060994148,-384.0,-0.02808862164616588,0.0440240715339314,16,0.02735435962677002,-0.15247970445834372,0.39011063415928954,-0.9606584381396519,-0.1884895043858067,2.45385310551101,1.261609723217295,0.0,0.009772727272727273,0.38258475065231323,0.2891300618648529,0.056818181818181816,0.004090909090909091
0.5,14,-329.5662144422531,-376.0,-0.09424722000956531,0.1626685479435157,24,0.022213399410247803,0.3200091109660407,0.44992532894563053,-0.01277526016064678,0.06701515172894743,1.4094471045411725,1.1196033413824007,0.0,0.005227272727272727,0.4100823998451233,0.278769850730896,0.03787878787878788,0.003409090909090909
0.5,15,-335.4108065366745,-390.0,-0.06537821367383001,0.07953044412191959,10,0.009344100952148438,-0.35913454674249273,0.3078626946039366,-0.7879594971663966,-0.0869726974299325,2.8706342596643073,1.611011373583968,0.0,0.012954545454545455,0.30705705285072327,0.2807549238204956,0.07272727272727272,0.003181818181818182
0.7,0,-0.9861475229263306,0.0,-0.0024653688073159596,0.004006439180811908,400,-0.0024654269218444824,0.5460702905962393,0.6149848579578564,-0.11052757361269669,0.1296199334153206,0.8107773381614891,0.6412009146205718,0.0009090909090909091,0.0,0.3727013170719147,0.3731949031352997,0.009772727272727273,0.007954545454545454
0.7,1,-0.08900588750839233,0.0,-0.00022251471877088314,0.004344298146315803,400,-0.0002225041389465332,0.44516656987849257,0.4599104783168274,-0.2916617620612128,-0.29759628801898436,1.0408716267752665,0.95104081959365,0.0011363636363636363,0.0006818181818181819,0.35997509956359863,0.36665356159210205,0.006136363636363636,0.012045454545454545
0.7,2,-1.3354188203811646,0.0,-0.0033385470509529336,-0.0038195602496853137,400,-0.003338634967803955,0.5250365338546187,0.6290259311794357,-0.07228585415390061,0.14644635723665916,0.8597840524832474,0.5907804793297885,0.00022727272727272727,0.00022727272727272727,0.37636253237724304,0.37652266025543213,0.007272727272727273,0.014090909090909091
0.7,3,-1.580885887145996,0.0,-0.003952214717865221,0.009887977666221598,400,-0.003952205181121826,0.5662798072636057,0.577437788603516,0.07131711278777317,-0.005780841878635368,0.7662423906710544,0.6924464835976456,0.0011363636363636363,0.00022727272727272727,0.3942318558692932,0.3612786829471588,0.015227272727272726,0.007727272727272728
0.7,4,1.827232003211975,0.0,0.0045680800080299955,-0.0023482375650202003,400,0.004568040370941162,0.6149774622896605,0.597934294633856,0.09950507074163616,0.0801621800306088,0.5632915482171941,0.6834504592992882,0.00045454545454545455,0.0006818181818181819,0.3775011897087097,0.38020268082618713,0.014318181818181818,0.009318181818181817
0.7,5,-0.8364807367324829,0.0,-0.002091201841831203,-0.00013720390794338955,400,-0.0020911097526550293,0.6136790564430787,0.5731273222215388,0.1482147484442603,-0.17102348638021528,0.6422773256105361,0.6947472188501772,0.0013636363636363637,0.00022727272727272727,0.3626326322555542,0.3706449270248413,0.007272727272727273,0.00909090909090909
0.7,6,0.28404027223587036,0.0,0.0007101006805896315,0.003928021019673905,400,0.0007101297378540039,0.6445871923767365,0.540097885674427,0.18215899180908368,-0.08251858539738352,0.5560780321005014,0.823954395291555,0.00022727272727272727,0.0,0.3732588291168213,0.3741314709186554,0.013181818181818182,0.010681818181818181
0.7,7,-0.28874194622039795,0.0,-0.000721854865550764,-1.8376397783806397e-05,400,-0.0007218122482299805,0.5830445746551477,0.5853548254240389,0.11933058275771526,-0.02985071586040873,0.747032731090337,0.6703381232881946,0.00022727272727272727,0.0009090909090909091,0.3828948438167572,0.3814745247364044,0.008863636363636363,0.012954545454545455
0.7,8,-0.7367707490920452,0.0,-0.0018419268727299931,0.00569846946047621,400,-0.0018419623374938965,0.5157468916852411,0.6174294885292088,-0.18720036446043725,0.3223838039784872,0.8575914199004564,0.7562755558043409,0.0006818181818181819,0.0009090909090909091,0.39046424627304077,0.37796223163604736,0.009318181818181817,0.011590909090909091
0.7,9,-0.3080258369445801,0.0,-0.0007700645923613969,-0.0009959258168237006,400,-0.0007700920104980469,0.5093823738373847,0.6080856330142539,-0.12438993477564995,-0.04757001289734051,0.9258783784396022,0.6535700469707912,0.00045454545454545455,0.0013636363636363637,0.3479515612125397,0.35659369826316833,0.00840909090909091,0.007727272727272728
0.7,10,0.1155318021774292,0.0,0.0002888295054435108,-0.003988250487600389,400,0.00028890371322631836,0.6255507774821758,0.6491796553702393,0.1939205517104327,0.24966240696609823,0.6174087329913113,0.5932330379685878,0.00022727272727272727,0.0,0.36168357729911804,0.36554959416389465,0.010227272727272727,0.00909090909090909
0.7,11,-1.5240185260772705,0.0,-0.0038100463151932162,-0.0002987893810496023,400,-0.003809988498687744,0.5500421052088741,0.5653529529033213,-0.04866010816527133,-0.023030547950197305,0.8069127436268758,0.6557007854204159,0.0006818181818181819,0.0,0.3872118592262268,0.36174115538597107,0.007954545454545454,0.012727272727272728
0.7,12,-1.4896650910376934,0.0,-0.00372416272759446,0.007052143446635392,400,-0.0037241578102111816,0.4558793288504353,0.5409949371671767,-0.44841575030468767,-0.16615008259231787,1.1617689882296849,0.7751020971940288,0.001590909090909091,0.00045454545454545455,0.36354589462280273,0.3771681785583496,0.010454545454545454,0.015227272727272726
0.7,13,-1.1489065885543823,0.0,-0.0028722664713859425,0.004047519218875098,400,-0.0028723478317260742,0.5683108616505415,0.5941917001802509,-0.0027854974038216216,-0.025256264676980437,0.7596498156384967,0.6962848326992848,0.00022727272727272727,0.00022727272727272727,0.3623577952384949,0.3607601225376129,0.006136363636363636,0.007272727272727273
0.7,14,-0.8253769874572754,0.0,-0.0020634424686430952,0.002966927894158311,400,-0.002063453197479248,0.609458043059043,0.5365281236053404,0.10347330412688399,-0.10434546386705473,0.6544615545540543,0.7928914556281274,0.0013636363636363637,0.00022727272727272727,0.37286245822906494,0.372768372297287,0.004772727272727273,0.011818181818181818
0.7,15,-0.9444139003753662,0.0,-0.0023610347509384066,-0.005172728146426303,400,-0.0023610591888427734,0.5117099803789757,0.6225709424714929,-0.12596126576527117,0.17313978899930174,0.9525793263574469,0.627679100199916,0.0006818181818181819,0.0,0.3703666627407074,0.38427767157554626,0.01,0.011136363636363637
1.0,0,0.02761095762258492,0.0,6.90273940563424e-05,-0.0013680162868695,400,6.896257400512695e-05,0.7406761011690292,0.7550863010888752,0.4960856574032567,0.5854782622342386,0.4485777851920505,0.43797452934283687,0.00022727272727272727,0.00022727272727272727,0.368171751499176,0.3717314302921295,0.00840909090909091,0.008863636363636363
1.0,1,0.6654404997825623,0.0,0.0016636012494564145,0.001601698215818001,400,0.0016636252403259277,0.7402020209954131,0.7461011264628398,0.4985406285303813,0.5577059856031,0.4268243253290596,0.44582792992400894,0.0011363636363636363,0.0,0.3535407781600952,0.36209622025489807,0.007954545454545454,0.008636363636363636
1.0,2,-0.10883742570877075,0.0,-0.00027209356427193576,0.0030079111480154075,400,-0.0002720952033996582,0.7406334201820072,0.713764892290027,0.5182887542735628,0.41150747319257747,0.44399464272525424,0.48160949034945605,0.0,0.0,0.3768267333507538,0.37493765354156494,0.009772727272727273,0.005454545454545455
1.0,3,0.8095754384993938,0.0,0.002023938596248387,0.00013826265872921017,400,0.0020239949226379395,0.774589543405584,0.7692342678356643,0.6181755162266943,0.588625116469702,0.404352539709768,0.40496012295229084,0.0013636363636363637,0.0,0.36765584349632263,0.3735586404800415,0.012954545454545455,0.006136363636363636
1.0,4,-0.08745396137237549,0.0,-0.00021863490343076997,-0.007165837617358201,400,-0.0002186894416809082,0.7187159874938854,0.764620883269286,0.45476661025596343,0.6046566977235445,0.4629043129844395,0.3798555871016496,0.0,0.0,0.38702574372291565,0.3808903992176056,0.010227272727272727,0.01
1.0,5,-1.3453425765036968,0.0,-0.00336335644125918,0.0008216820115921897,400,-0.003363311290740967,0.7051295532330848,0.7494563473139011,0.3894292849899359,0.5679421547150852,0.5045356295693588,0.4679236928842494,0.0,0.00045454545454545455,0.36909857392311096,0.37761786580085754,0.007954545454545454,0.005909090909090909
1.0,6,-0.1180198192597004,0.0,-0.0002950495481491844,0.005038390597328496,400,-0.000295102596282959,0.7646114676355573,0.7376288925750369,0.5509221956467406,0.5043364529508275,0.4029037801597524,0.4433359335487789,0.0006818181818181819,0.0,0.383685439825058,0.378781795501709,0.01090909090909091,0.007727272727272728
1.0,7,-1.7553707957267761,0.0,-0.0043884269893168515,-0.003450774312950697,400,-0.00438845157623291,0.7354419959918306,0.7521866957288478,0.5414489510935914,0.4964322396521026,0.4888963693806175,0.4349911140256671,0.0029545454545454545,0.001590909090909091,0.3740987777709961,0.37962040305137634,0.008636363636363636,0.012045454545454545
1.0,8,0.552466094493866,0.0,0.0013811652362347715,-0.00014151177427269845,400,0.0013810992240905762,0.7746013886496957,0.7651963591221672,0.6346100113192918,0.5781012272794018,0.4118422983077654,0.411664637567761,0.0,0.00022727272727272727,0.3654663562774658,0.3902522325515747,0.01,0.007727272727272728
1.0,9,-0.9467067718506428,0.0,-0.0023667669296263405,-0.0039719172485638,400,-0.002366781234741211,0.7514870562204122,0.7591649414426942,0.5513060533030513,0.5588806369418606,0.4372888492271525,0.41806715574199277,0.0009090909090909091,0.0,0.3717208206653595,0.3704242408275604,0.006818181818181818,0.013409090909090909
1.0,10,0.19586199522024117,0.0,0.0004896549880504253,-0.0009320015157572997,400,0.0004895925521850586,0.7227059096968569,0.7443205061383394,0.44915331295892713,0.5299848947883489,0.47006105990848296,0.43854813222183975,0.001590909090909091,0.0,0.3667062520980835,0.36521705985069275,0.007954545454545454,0.00909090909090909
1.0,11,-0.27309125661849976,0.0,-0.0006827281415462405,0.0024158815399278055,400,-0.000682830810546875,0.7409438590269457,0.7593067968340499,0.5148191475106829,0.6157986385794489,0.45626571927814213,0.4704157186347139,0.00045454545454545455,0.0011363636363636363,0.36575767397880554,0.3680112063884735,0.007954545454545454,0.010454545454545454
1.0,12,-1.0505883693695068,0.0,-0.0026264709234237182,0.0015629721869482027,400,-0.0026262998580932617,0.7661387756492153,0.7548432071061527,0.578292956287596,0.540455953620152,0.4287692284759817,0.42918777946452263,0.0011363636363636363,0.0013636363636363637,0.38132646679878235,0.37923693656921387,0.010454545454545454,0.0125
1.0,13,-0.9039266705512432,0.0,-0.0022598166763782013,0.0021308176688035058,400,-0.00225985050201416,0.760395809640443,0.739162330467149,0.6070050353463139,0.5178005297363233,0.44762016474611394,0.48178615964511134,0.0,0.0009090909090909091,0.36594733595848083,0.3648812174797058,0.006136363636363636,0.0075
1.0,14,0.5182410478591919,0.0,0.0012956026196480064,-0.0011172620241996084,400,0.001295626163482666,0.722277798148702,0.7568058773080586,0.5244892081718256,0.6031477722311989,0.5023421922738207,0.44427421468288747,0.0,0.0,0.38479936122894287,0.3720351457595825,0.011590909090909091,0.00840909090909091
1.0,15,0.8408882021903992,0.0,0.002102220505475816,-0.009954169343400293,400,0.002102196216583252,0.7723526396305758,0.7427521947252551,0.6194747601040662,0.4863248343902056,0.40580897943041466,0.3949780599926902,0.00045454545454545455,0.0,0.38227832317352295,0.3733074367046356,0.01,0.011590909090909091
1.4,0,0.9061772227287292,0.0,0.0022654430568217476,0.006101441235805388,400,0.0022655129432678223,0.8127078927628563,0.8116519646365525,0.6662838837547599,0.6908045260729698,0.360187164002699,0.3559515589334846,0.0,0.00022727272727272727,0.3767501413822174,0.36082401871681213,0.007727272727272728,0.005909090909090909
1.4,1,-0.7919504642486572,0.0,-0.001979876160621563,0.00041471585573159275,400,-0.001979827880859375,0.8107921952481206,0.8148680647299262,0.6885590513774411,0.6282674149919178,0.3380057679416559,0.3231484185060412,0.0,0.00022727272727272727,0.3869430720806122,0.3777924180030823,0.0075,0.011136363636363637
1.4,2,-0.06503540277481079,0.0,-0.00016258850693717797,0.012392338122008406,400,-0.00016260147094726562,0.8134286663520167,0.8163567675893979,0.6543912501875605,0.6770203049699206,0.3198009766108306,0.33811827742406436,0.00022727272727272727,0.0006818181818181819,0.3937343657016754,0.36829063296318054,0.009772727272727273,0.009772727272727273
1.4,3,-0.008368611335754395,0.0,-2.092152833921279e-05,-0.0017864656605525026,400,-2.09808349609375e-05,0.8191874610348427,0.7979366043209762,0.6966779647940037,0.6065267330521663,0.34356505601662535,0.37573297102691544,0.0,0.0006818181818181819,0.354405015707016,0.37693536281585693,0.0075,0.007954545454545454
1.4,4,-1.0763732194900513,0.0,-0.0026909330487252525,0.0090488203521817,400,-0.0026908516883850098,0.8006242253959623,0.7948105145074443,0.6953422743641703,0.6246165291984411,0.3895545179971069,0.3643153260481789,0.0018181818181818182,0.0009090909090909091,0.37445828318595886,0.3806748390197754,0.005909090909090909,0.0075
1.4,5,-0.2553557753562927,0.0,-0.0006383894383907851,0.0011363391409394963,400,-0.000638425350189209,0.8121074076496941,0.8090040628390259,0.6683440781048978,0.677136240002725,0.33983960044537426,0.35799387262842997,0.0009090909090909091,0.0011363636363636363,0.38511571288108826,0.39170604944229126,0.006363636363636364,0.009318181818181817
1.4,6,-1.2779538035392761,0.0,-0.0031948845088481947,0.0031147275824332937,400,-0.003194868564605713,0.8129236519769262,0.8091635978523779,0.6648584146833165,0.613159320483526,0.33533908809320895,0.34174055689445154,0.0,0.00022727272727272727,0.36355048418045044,0.3614109754562378,0.0075,0.004545454545454545
1.4,7,0.3157692551612854,0.0,0.0007894231379032002,0.0014495961193460999,400,0.0007894039154052734,0.8104020523910453,0.8115192182304066,0.7003047443613138,0.7001683923382784,0.36197053364507836,0.3583102916809407,0.0018181818181818182,0.00022727272727272727,0.3788285553455353,0.3724191188812256,0.007045454545454546,0.005227272727272727
1.4,8,-0.4266217947006794,0.0,-0.0010665544867516363,0.008079168448457505,400,-0.0010665059089660645,0.8147517624110153,0.7978193087322105,0.655316421270171,0.624296096062401,0.33750289748215795,0.3660032811497779,0.0013636363636363637,0.0,0.37908485531806946,0.3596831262111664,0.00909090909090909,0.0036363636363636364
1.4,9,-0.6806268095970154,0.0,-0.0017015670239923786,0.012035314193926797,400,-0.0017015337944030762,0.820698469463333,0.8037144534481797,0.6996839144687178,0.6564612430031463,0.3439596157893091,0.36380581174243465,0.0006818181818181819,0.0006818181818181819,0.3784087896347046,0.3827407658100128,0.008181818181818182,0.006818181818181818
1.4,10,-0.6979197859764099,0.0,-0.0017447994649412157,0.004802080210065507,400,-0.0017447471618652344,0.8108099415832484,0.8227682812213019,0.6751047174795323,0.6967168698966766,0.34677893165826695,0.3375571590461062,0.00045454545454545455,0.0006818181818181819,0.37493452429771423,0.3660527467727661,0.008636363636363636,0.007727272727272728
1.4,11,-0.7482657432556152,0.0,-0.0018706643581388738,-0.002809437125688513,400,-0.001870572566986084,0.8038869231099031,0.811238238826742,0.6755189620317277,0.6680009123934858,0.37790165449853574,0.34605296617598885,0.00022727272727272727,0.00045454545454545455,0.37676191329956055,0.37299665808677673,0.008181818181818182,0.00840909090909091
1.4,12,-0.32038933038722917,0.0,-0.0008009733259676244,-0.002947292268509108,400,-0.0008009672164916992,0.8095031617118639,0.8083668324218944,0.6085958093364601,0.6829746666559726,0.3270949115095541,0.3543360488348814,0.0011363636363636363,0.00045454545454545455,0.3736424148082733,0.3692037761211395,0.006590909090909091,0.009545454545454546
1.4,13,0.2845567464827923,0.0,0.0007113918662072782,0.011184511902974897,400,0.0007113218307495117,0.8168109905967373,0.8246736441619098,0.6925129926244042,0.7166871881066976,0.315500269477204,0.33546112211375706,0.0,0.0,0.3577457368373871,0.3580183684825897,0.007045454545454546,0.005454545454545455
1.4,14,-0.3895495533943176,0.0,-0.0009738738834860206,0.011392516050254903,400,-0.0009739398956298828,0.799763843621184,0.8161004153056066,0.6459121261262315,0.6743126827283334,0.35885103354071163,0.3419786118958672,0.0011363636363636363,0.00045454545454545455,0.3530704975128174,0.35983166098594666,0.006590909090909091,0.005909090909090909
1.4,15,1.1296526193618774,0.0,0.0028241315484047735,-0.004619332125730596,400,0.002824127674102783,0.8207048281410149,0.8145525435680416,0.7046756643126675,0.6637994133981077,0.32908307318330254,0.3453992441159292,0.0013636363636363637,0.00045454545454545455,0.3850254714488983,0.3755468726158142,0.008863636363636363,0.007045454545454546
2.0,0,-1.5909289121627808,0.0,-0.003977322280407036,0.017153023545397494,400,-0.003977298736572266,0.8433431570117093,0.8394785590934869,0.7294305619737524,0.668710738787979,0.3054195095321848,0.2922232071789404,0.00022727272727272727,0.0006818181818181819,0.3612636625766754,0.38779449462890625,0.012045454545454545,0.008636363636363636
2.0,1,-2.614754796028137,0.0,-0.0065368869900701565,0.024244644894497402,400,-0.0065367817878723145,0.8486873361316539,0.8474062608461391,0.7231745667616793,0.7339336005072262,0.3009939179092618,0.2923417790694101,0.0,0.0006818181818181819,0.39194807410240173,0.3665771484375,0.010227272727272727,0.00840909090909091
2.0,2,-1.0484646558762165,0.0,-0.0026211616396903947,0.017737326494825498,400,-0.0026211142539978027,0.8287125566700092,0.8382692247543925,0.6406970955116956,0.7228859412155509,0.3034675957675432,0.3045911837013865,0.0,0.0018181818181818182,0.3799794018268585,0.3644436001777649,0.012272727272727272,0.005681818181818182
2.0,3,-1.4954084157943157,0.0,-0.00373852103948602,0.015308816803153602,400,-0.0037384629249572754,0.8448005199498106,0.8380812922802893,0.7232599158259625,0.6679282342036157,0.27488277125031746,0.28885297207391114,0.0009090909090909091,0.0011363636363636363,0.3739178776741028,0.3718792796134949,0.0075,0.010681818181818181
2.0,4,-1.4948480129241943,0.0,-0.003737120032310415,0.011263977618655191,400,-0.003737211227416992,0.8416984487116409,0.8510425525202986,0.7062358818822251,0.731756199411979,0.2533249145932147,0.2670512809041139,0.0011363636363636363,0.0009090909090909091,0.3869378864765167,0.3844721019268036,0.012954545454545455,0.010681818181818181
2.0,5,1.1719045042991638,0.0,0.002929761260747843,0.009679327388294093,400,0.0029297471046447754,0.8450427360755689,0.8365035959215693,0.6960776437586209,0.7176967691578658,0.2878874629499046,0.30914855183487255,0.0,0.0009090909090909091,0.3747302293777466,0.38090935349464417,0.00909090909090909,0.006363636363636364
2.0,6,-3.4184433221817585,0.0,-0.008546108305454325,0.019555532578961005,400,-0.008546054363250732,0.8515254559957913,0.8411242896459812,0.7115093006931313,0.7135724614591855,0.28907820990542965,0.30673175690360754,0.0,0.0,0.3784964680671692,0.366533488035202,0.00840909090909091,0.007272727272727273
2.0,7,-0.7511962056159973,0.0,-0.0018779905140400288,0.017684077160956796,400,-0.0018779635429382324,0.8457817208246546,0.848095829764615,0.7333566236316569,0.7418845109069222,0.28639943431932036,0.2958729353273658,0.00022727272727272727,0.0029545454545454545,0.38132280111312866,0.3668293356895447,0.008181818181818182,0.004545454545454545
2.0,8,0.8292142748832134,0.0,0.002073035687207958,0.010304323333548401,400,0.002073049545288086,0.8392140396388847,0.8399981882290027,0.6867483151388517,0.7222540541083783,0.29045778294045277,0.31678783945478917,0.001590909090909091,0.0018181818181818182,0.3824814260005951,0.37261661887168884,0.0075,0.007954545454545454
2.0,9,0.5790066719055176,0.0,0.0014475166797638384,0.007795111198211094,400,0.0014474987983703613,0.8395287081608648,0.8372313073119482,0.6944843184027654,0.6714913469983039,0.2985635421170943,0.302671412327362,0.001590909090909091,0.0011363636363636363,0.39750510454177856,0.38062170147895813,0.007727272727272728,0.010681818181818181
2.0,10,-0.5856095552444458,0.0,-0.0014640238881108436,0.004945081685436795,400,-0.0014640092849731445,0.8377543524379631,0.841447766885258,0.7297642951298753,0.7151181205761881,0.32442671832534153,0.30971052857770875,0.0013636363636363637,0.0011363636363636363,0.37423378229141235,0.37352174520492554,0.01090909090909091,0.005454545454545455
2.0,11,-1.9929234981536865,0.0,-0.004982308745383968,0.0146886102802819,400,-0.004982411861419678,0.8414611053988229,0.8314606995148072,0.6830343301485627,0.6834654013171284,0.29016817811900797,0.31840897553501224,0.0,0.0006818181818181819,0.3647100329399109,0.381217360496521,0.009772727272727273,0.008181818181818182
2.0,12,-0.9610913395881653,0.0,-0.0024027283489703732,0.012106295241392201,400,-0.0024027228355407715,0.8441030159764036,0.8458923322864575,0.7125310755566714,0.7105450046964514,0.3011448725180698,0.2899613523735375,0.0006818181818181819,0.0006818181818181819,0.3940965235233307,0.38857269287109375,0.01,0.009318181818181817
2.0,13,0.025147795677128215,0.0,6.286948919298485e-05,0.020501223406754393,400,6.276369094848633e-05,0.8535709737642264,0.8397253260818679,0.7562439384750237,0.6542337339552898,0.27730088988391016,0.3148802764523827,0.0,0.0009090909090909091,0.3849751949310303,0.3921498656272888,0.010681818181818181,0.008181818181818182
2.0,14,-0.16900604963308297,0.0,-0.00042251512408275627,0.0049416370643302066,400,-0.00042253732681274414,0.844722884537812,0.8479927378465958,0.6984680228665572,0.7083391805292061,0.27754718360652275,0.2785773715868984,0.00022727272727272727,0.0011363636363636363,0.3683546781539917,0.3847769498825073,0.010681818181818181,0.007954545454545454
2.0,15,-1.6505064368247986,0.0,-0.004126266092062014,0.018123627028835493,400,-0.004126250743865967,0.8453603832553191,0.8466523818618097,0.7411601863974467,0.7135934951354684,0.2974824338506914,0.2833177515385375,0.00022727272727272727,0.0009090909090909091,0.3852775990962982,0.3810475170612335,0.00909090909090909,0.00840909090909091
